ex,ey,sigs
7.5e-09,1e-09,0.005
7.14692e-09,7.78657e-10,0.00433973
6.87225e-09,6.06311e-10,0.00388573
6.65859e-09,4.72116e-10,0.00358287
6.49237e-09,3.67628e-10,0.00338611
6.36305e-09,2.86269e-10,0.0032609
6.26243e-09,2.2292e-10,0.00318236
6.18413e-09,1.73595e-10,0.00313354
6.12319e-09,1.35189e-10,0.00310335
6.07576e-09,1.05284e-10,0.00308473
6.03883e-09,8.19999e-11,0.00307325
