ex,ey,sigs
7.5e-09,1e-09,0.005
7.14776e-09,7.78657e-10,0.00433942
6.87345e-09,6.06311e-10,0.00388462
