ex,ey,sigs
7.5e-09,1e-09,0.005
7.14765e-09,7.78657e-10,0.00433941
6.87336e-09,6.06311e-10,0.00388458
