ex,ey,sigs
7.5e-09,1e-09,0.005
7.14754e-09,7.78657e-10,0.00433935
6.87313e-09,6.06311e-10,0.00388451
