ex,ey,sigs
7.5e-09,1e-09,0.005
7.14746e-09,-nan,0.00433944
6.873e-09,-nan,0.00388463
